{"cameraMode":{"drawMode":0,"name":"Shaded","section":"Shading Mode"},"sceneLighting":true,"audioPlay":false,"sceneViewState":{"showFog":true,"showMaterialUpdate":false,"showSkybox":true,"showFlares":true,"showImageEffects":true,"showParticleSystems":true},"in2DMode":false,"pivot":{"x":49.857051849365237,"y":1.314293384552002,"z":49.494384765625},"rotation":{"x":0.026674235239624978,"y":-0.9655946493148804,"z":0.23414674401283265,"w":0.10999565571546555},"size":1.862982153892517,"orthographic":false}