{"cameraMode":{"drawMode":0,"name":"Shaded","section":"Shading Mode"},"sceneLighting":true,"audioPlay":false,"sceneViewState":{"showFog":true,"showMaterialUpdate":false,"showSkybox":true,"showFlares":true,"showImageEffects":true,"showParticleSystems":true},"in2DMode":false,"pivot":{"x":50.17502975463867,"y":0.23366223275661469,"z":48.05991744995117},"rotation":{"x":-0.05489444360136986,"y":0.9331477284431458,"z":-0.16200563311576844,"w":-0.3161935806274414},"size":2.1696014404296877,"orthographic":false}